chain, residue_label, residue_name, score, zscore, probability, pocket
A,    1, PRO,  2.2086,   0.6687,   0.2511, 0
A,    2, GLN,  2.3683,   0.7503,   0.2835, 0
A,    3, ILE,  2.1267,   0.6268,   0.2335, 0
A,    4, THR,  2.7726,   0.9569,   0.3611, 0
A,    5, LEU,  1.7628,   0.4409,   0.1580, 0
A,    6, TRP,  4.1813,   1.6768,   0.5737, 0
A,    7, GLN,  2.2599,   0.6949,   0.2607, 0
A,    8, ARG,  2.7118,   0.9258,   0.3495, 1
A,    9, PRO,  0.9458,   0.0233,   0.0350, 0
A,   10, LEU,  3.1333,   1.1412,   0.4248, 0
A,   11, VAL,  2.0259,   0.5753,   0.2128, 0
A,   12, THR,  2.1175,   0.6221,   0.2315, 0
A,   13, ILE,  0.4329,  -0.2387,   0.0066, 0
A,   14, LYS,  1.4074,   0.2593,   0.0939, 5
A,   15, ILE,  0.0000,  -0.4600,   0.0005, 0
A,   16, GLY,  1.2900,   0.1992,   0.0753, 5
A,   17, GLY,  0.7982,  -0.0521,   0.0236, 5
A,   18, GLN,  1.4149,   0.2631,   0.0951, 0
A,   19, LEU,  1.2286,   0.1679,   0.0674, 0
A,   20, LYS,  0.9032,   0.0016,   0.0312, 0
A,   21, GLU,  1.5944,   0.3548,   0.1265, 0
A,   22, ALA,  0.0000,  -0.4600,   0.0005, 0
A,   23, LEU,  3.8691,   1.5172,   0.5299, 1
A,   24, LEU,  0.0000,  -0.4600,   0.0005, 0
A,   25, ASP,  9.2258,   4.2547,   0.8869, 1
A,   26, THR,  0.0310,  -0.4441,   0.0006, 0
A,   27, GLY,  7.4720,   3.3584,   0.8207, 1
A,   28, ALA,  8.8191,   4.0469,   0.8735, 1
A,   29, ASP,  5.5213,   2.3616,   0.7070, 1
A,   30, ASP,  2.8279,   0.9852,   0.3721, 1
A,   31, THR,  0.4572,  -0.2264,   0.0073, 0
A,   32, VAL,  2.1679,   0.6479,   0.2425, 1
A,   33, LEU,  0.0000,  -0.4600,   0.0005, 0
A,   34, GLU,  0.9809,   0.0413,   0.0384, 0
A,   35, GLU,  1.1285,   0.1167,   0.0544, 0
A,   36, MET,  1.4113,   0.2613,   0.0945, 0
A,   37, SER,  1.7666,   0.4428,   0.1588, 0
A,   38, LEU,  2.0291,   0.5769,   0.2134, 0
A,   39, PRO,  1.7029,   0.4103,   0.1464, 5
A,   40, GLY,  1.1685,   0.1372,   0.0592, 0
A,   41, ARG,  0.9310,   0.0158,   0.0336, 0
A,   42, TRP,  1.8845,   0.5031,   0.1839, 0
A,   43, LYS,  1.0809,   0.0924,   0.0490, 0
A,   44, PRO,  1.1536,   0.1296,   0.0574, 0
A,   45, LYS,  1.4747,   0.2936,   0.1053, 6
A,   46, MET,  1.3715,   0.2409,   0.0884, 0
A,   47, ILE,  2.9623,   1.0538,   0.3961, 1
A,   48, GLY,  5.5071,   2.3543,   0.7057, 1
A,   49, GLY, 10.4444,   4.8775,   0.9210, 1
A,   50, ILE, 13.4935,   6.4357,   0.9675, 1
A,   51, GLY,  2.6888,   0.9141,   0.3444, 0
A,   52, GLY,  2.4140,   0.7736,   0.2927, 0
A,   53, PHE,  2.6131,   0.8754,   0.3305, 0
A,   54, ILE,  2.0844,   0.6052,   0.2245, 0
A,   55, LYS,  0.9985,   0.0503,   0.0401, 0
A,   56, VAL,  0.6360,  -0.1350,   0.0142, 0
A,   57, ARG,  1.6160,   0.3658,   0.1303, 0
A,   58, GLN,  0.8444,  -0.0285,   0.0267, 6
A,   59, TYR,  1.4904,   0.3016,   0.1081, 0
A,   60, ASP,  0.7795,  -0.0616,   0.0225, 3
A,   61, GLN,  1.2045,   0.1556,   0.0640, 3
A,   62, ILE,  0.9378,   0.0193,   0.0342, 0
A,   63, LEU,  1.3523,   0.2311,   0.0855, 5
A,   64, ILE,  0.0000,  -0.4600,   0.0005, 0
A,   65, GLU,  0.9217,   0.0110,   0.0327, 0
A,   66, ILE,  0.0000,  -0.4600,   0.0005, 0
A,   67, CYS,  2.7557,   0.9483,   0.3579, 0
A,   68, GLY,  2.1495,   0.6385,   0.2384, 0
A,   69, HID,  3.3899,   1.2724,   0.4617, 0
A,   70, LYS,  1.6198,   0.3678,   0.1310, 0
A,   71, ALA,  0.4709,  -0.2193,   0.0077, 0
A,   72, ILE,  1.0035,   0.0528,   0.0407, 3
A,   73, GLY,  0.5512,  -0.1783,   0.0103, 3
A,   74, THR,  0.7244,  -0.0898,   0.0191, 3
A,   75, VAL,  0.0000,  -0.4600,   0.0005, 0
A,   76, LEU,  0.7010,  -0.1018,   0.0176, 0
A,   77, VAL,  0.4127,  -0.2491,   0.0060, 0
A,   78, GLY,  0.3675,  -0.2722,   0.0047, 0
A,   79, PRO,  1.0625,   0.0830,   0.0470, 0
A,   80, THR,  0.8655,  -0.0177,   0.0283, 0
A,   81, PRO,  2.6394,   0.8889,   0.3356, 1
A,   82, VAL,  3.0353,   1.0912,   0.4087, 1
A,   83, ASN,  0.9065,   0.0033,   0.0314, 0
A,   84, ILE,  8.2633,   3.7628,   0.8533, 1
A,   85, ILE,  0.0000,  -0.4600,   0.0005, 0
A,   86, GLY,  0.0000,  -0.4600,   0.0005, 0
A,   87, ARG,  1.5662,   0.3404,   0.1215, 0
A,   88, ASN,  1.5003,   0.3067,   0.1098, 3
A,   89, LEU,  0.0000,  -0.4600,   0.0005, 0
A,   90, LEU,  0.0000,  -0.4600,   0.0005, 0
A,   91, THR,  2.4108,   0.7720,   0.2920, 0
A,   92, GLN,  2.2438,   0.6867,   0.2577, 0
A,   93, ILE,  2.5303,   0.8331,   0.3154, 0
A,   94, GLY,  3.2708,   1.2115,   0.4452, 0
A,   95, CYS,  2.1883,   0.6583,   0.2469, 0
A,   96, THR,  2.5229,   0.8293,   0.3141, 0
A,   97, LEU,  0.0000,  -0.4600,   0.0005, 0
A,   98, ASN,  1.9361,   0.5294,   0.1946, 0
A,   99, PHE,  2.7306,   0.9354,   0.3531, 0
B,  101, PRO,  1.4330,   0.2723,   0.0981, 7
B,  102, GLN,  2.3552,   0.7436,   0.2808, 0
B,  103, ILE,  1.3867,   0.2486,   0.0907, 7
B,  104, THR,  2.4026,   0.7678,   0.2903, 0
B,  105, LEU,  1.8499,   0.4854,   0.1767, 0
B,  106, TRP,  3.9605,   1.5639,   0.5436, 0
B,  107, GLN,  2.0545,   0.5900,   0.2184, 0
B,  108, ARG,  2.8366,   0.9896,   0.3739, 1
B,  109, PRO,  0.7413,  -0.0812,   0.0201, 0
B,  110, LEU,  1.9881,   0.5560,   0.2049, 7
B,  111, VAL,  0.9438,   0.0223,   0.0348, 7
B,  112, THR,  1.3287,   0.2190,   0.0816, 7
B,  113, ILE,  0.5670,  -0.1702,   0.0109, 0
B,  114, LYS,  1.1496,   0.1275,   0.0569, 2
B,  115, ILE,  0.9117,   0.0059,   0.0318, 0
B,  116, GLY,  1.1168,   0.1107,   0.0530, 2
B,  117, GLY,  1.0485,   0.0758,   0.0455, 2
B,  118, GLN,  1.5874,   0.3512,   0.1253, 0
B,  119, LEU,  1.3343,   0.2219,   0.0827, 0
B,  120, LYS,  1.4065,   0.2588,   0.0938, 0
B,  121, GLU,  1.4591,   0.2857,   0.1026, 7
B,  122, ALA,  0.3945,  -0.2584,   0.0054, 0
B,  123, LEU,  3.8855,   1.5256,   0.5328, 1
B,  124, LEU,  0.0000,  -0.4600,   0.0005, 0
B,  125, ASP,  7.0890,   3.1628,   0.8029, 1
B,  126, THR,  0.1025,  -0.4076,   0.0010, 0
B,  127, GLY,  7.7891,   3.5205,   0.8342, 1
B,  128, ALA,  8.4722,   3.8696,   0.8610, 1
B,  129, ASP,  5.6020,   2.4028,   0.7136, 1
B,  130, ASP,  3.3401,   1.2469,   0.4554, 1
B,  131, THR,  0.0000,  -0.4600,   0.0005, 0
B,  132, VAL,  1.7777,   0.4485,   0.1611, 1
B,  133, LEU,  0.1407,  -0.3881,   0.0013, 0
B,  134, GLU,  1.1258,   0.1153,   0.0541, 0
B,  135, GLU,  1.2254,   0.1663,   0.0670, 0
B,  136, MET,  1.5451,   0.3296,   0.1177, 0
B,  137, SER,  1.5021,   0.3076,   0.1101, 0
B,  138, LEU,  1.3159,   0.2125,   0.0794, 0
B,  139, PRO,  1.2104,   0.1586,   0.0648, 2
B,  140, GLY,  1.1445,   0.1249,   0.0563, 0
B,  141, ARG,  1.4410,   0.2764,   0.0995, 0
B,  142, TRP,  1.5889,   0.3520,   0.1255, 0
B,  143, LYS,  1.0409,   0.0720,   0.0447, 0
B,  144, PRO,  0.7621,  -0.0705,   0.0215, 0
B,  145, LYS,  1.5266,   0.3202,   0.1144, 0
B,  146, MET,  0.8084,  -0.0469,   0.0242, 1
B,  147, ILE,  2.9131,   1.0287,   0.3876, 1
B,  148, GLY,  5.3128,   2.2550,   0.6881, 1
B,  149, GLY,  9.7436,   4.5193,   0.9036, 1
B,  150, ILE, 13.1663,   6.2685,   0.9638, 1
B,  151, GLY,  4.1139,   1.6424,   0.5644, 0
B,  152, GLY,  2.6039,   0.8707,   0.3287, 0
B,  153, PHE,  2.2666,   0.6983,   0.2621, 0
B,  154, ILE,  2.8323,   0.9874,   0.3730, 0
B,  155, LYS,  0.8906,  -0.0049,   0.0302, 0
B,  156, VAL,  0.2967,  -0.3084,   0.0033, 0
B,  157, ARG,  1.2788,   0.1935,   0.0739, 0
B,  158, GLN,  1.0785,   0.0911,   0.0487, 0
B,  159, TYR,  1.0987,   0.1015,   0.0510, 0
B,  160, ASP,  0.8728,  -0.0140,   0.0288, 0
B,  161, GLN,  0.6898,  -0.1075,   0.0170, 4
B,  162, ILE,  0.5272,  -0.1906,   0.0094, 2
B,  163, LEU,  0.9109,   0.0055,   0.0318, 2
B,  164, ILE,  0.2819,  -0.3159,   0.0031, 0
B,  165, GLU,  1.0003,   0.0512,   0.0403, 2
B,  166, ILE,  0.0000,  -0.4600,   0.0005, 0
B,  167, CYS,  1.5571,   0.3358,   0.1198, 7
B,  168, GLY,  1.7684,   0.4437,   0.1592, 0
B,  169, HID,  2.4810,   0.8079,   0.3062, 0
B,  170, LYS,  1.3657,   0.2379,   0.0875, 0
B,  171, ALA,  0.6028,  -0.1519,   0.0126, 0
B,  172, ILE,  0.9272,   0.0139,   0.0332, 4
B,  173, GLY,  0.4925,  -0.2083,   0.0083, 4
B,  174, THR,  1.1806,   0.1433,   0.0607, 4
B,  175, VAL,  0.0000,  -0.4600,   0.0005, 0
B,  176, LEU,  0.0000,  -0.4600,   0.0005, 0
B,  177, VAL,  0.4064,  -0.2523,   0.0058, 0
B,  178, GLY,  0.2918,  -0.3109,   0.0032, 0
B,  179, PRO,  1.4002,   0.2555,   0.0928, 0
B,  180, THR,  0.8547,  -0.0232,   0.0274, 0
B,  181, PRO,  2.6841,   0.9117,   0.3433, 1
B,  182, VAL,  2.6215,   0.8797,   0.3321, 1
B,  183, ASN,  1.0341,   0.0685,   0.0440, 0
B,  184, ILE,  8.1275,   3.6934,   0.8487, 1
B,  185, ILE,  0.0000,  -0.4600,   0.0005, 0
B,  186, GLY,  0.0000,  -0.4600,   0.0005, 0
B,  187, ARG,  1.4816,   0.2971,   0.1065, 0
B,  188, ASN,  1.7251,   0.4216,   0.1505, 4
B,  189, LEU,  0.4364,  -0.2370,   0.0067, 0
B,  190, LEU,  0.0000,  -0.4600,   0.0005, 0
B,  191, THR,  2.5475,   0.8419,   0.3183, 4
B,  192, GLN,  2.7725,   0.9569,   0.3611, 4
B,  193, ILE,  2.3705,   0.7514,   0.2840, 0
B,  194, GLY,  3.2968,   1.2248,   0.4489, 0
B,  195, CYS,  2.2194,   0.6742,   0.2534, 0
B,  196, THR,  2.4138,   0.7735,   0.2926, 0
B,  197, LEU,  0.0000,  -0.4600,   0.0005, 0
B,  198, ASN,  2.3593,   0.7457,   0.2817, 0
B,  199, PHE,  4.1757,   1.6740,   0.5730, 0
